sentence,sentiment,sentence_original,positive_score,negative_score,sentiment_analysis_time,positive_low,positive_medium,positive_high,negative_low,negative_medium,negative_high,computed_sentiment,sentiment_class
i loooooooovvvvvveee my kindle not that the Deluxe is cool but the is fantastic in its own right,1,i loooooooovvvvvveee my kindle not that the dx is cool but the is fantastic in its own right,1.0,0.0,0.0040230751037597,0.0,0.0,1.0,0.0,0.0,0.0,8.333333333333334,Positive
reading my kindle love it lee childs is good read,1,reading my kindle love it lee childs is good read,1.0,0.0,0.0,0.0,0.0,1.0,0.0,0.0,0.0,8.333333333333334,Positive
ok first assesment of the kindle it hecking rocks,1,ok first assesment of the kindle it fucking rocks,1.0,0.0,0.0,0.0,0.0,1.0,0.0,0.0,0.0,8.333333333333334,Positive
you will love your kindle I have had mine for a few months and never looked back the new big one is huge no need for remorse,1,you ll love your kindle i ve had mine for a few months and never looked back the new big one is huge no need for remorse,0.6017699115044248,0.3982300884955753,0.0,0.0,0.7964601769911503,0.20353982300884965,0.20353982300884943,0.7964601769911506,0.0,5.099850720098319,Neutral
fair enough but i have the kindle and i think itis perfect,1,fair enough but i have the kindle and i think it s perfect,1.0,0.0,0.0,0.0,0.0,1.0,0.0,0.0,0.0,8.333333333333334,Positive
no it is too big i m quite happy with the kindle,1,no it is too big i m quite happy with the kindle,0.6444954128440367,0.3555045871559633,0.0,0.0,0.7110091743119267,0.2889908256880733,0.28899082568807344,0.7110091743119266,0.0,5.213931678603511,Neutral
fuck this economy i hate aig and their non loan given asses,0,fuck this economy i hate aig and their non loan given asses,0.0,1.0,0.0,0.0,0.0,0.0,0.0,0.0,1.0,1.6666666666666665,Negative
jquery is my new best friend,1,jquery is my new best friend,1.0,0.0,0.0,0.0,0.0,1.0,0.0,0.0,0.0,8.333333333333334,Positive
loves twitter,1,loves twitter,1.0,0.0,0.0,0.0,0.0,1.0,0.0,0.0,0.0,8.333333333333334,Positive
how can you not love obama he makes jokes about himself,1,how can you not love obama he makes jokes about himself,0.3726541554959786,0.6273458445040215,0.0,0.25469168900804284,0.7453083109919572,0.0,0.0,0.7453083109919569,0.25469168900804307,4.832627034108969,Neutral
i firmly believe that obama pelosi have zero desire to be civil itis a charade and a slogan but they want to destroy conservatism,0,i firmly believe that obama pelosi have zero desire to be civil it s a charade and a slogan but they want to destroy conservatism,0.4110032362459547,0.5889967637540453,0.0,0.1779935275080906,0.8220064724919094,0.0,0.0,0.8220064724919094,0.1779935275080906,4.915767002458699,Neutral
house correspondents dinner was last night whoopi barbara & sherri went obama got a standing ovation,1,house correspondents dinner was last night whoopi barbara amp sherri went obama got a standing ovation,0.0,0.0,0.0,0.0,0.0,0.0,0.0,0.0,0.0,5.000000000000001,Neutral
watchin Entertainment and Sports Programming Network just seen this new nike commerical with a puppet lebron sh t was hilarious laughing my ass off,1,watchin espn jus seen this new nike commerical with a puppet lebron sh t was hilarious lmao,0.7128712871287128,0.2871287128712871,0.0,0.0,0.5742574257425743,0.4257425742574257,0.4257425742574258,0.5742574257425742,0.0,5.432282879750969,Neutral
dear nike stop with the flywire that shit is a waste of science and ugly love,0,dear nike stop with the flywire that shit is a waste of science and ugly love,0.3629629629629629,0.637037037037037,0.0,0.27407407407407425,0.7259259259259258,0.0,0.0,0.7259259259259261,0.2740740740740739,4.8064735752177254,Neutral
lebron best athlete of our generation if not all time basketball related i don t want to get into inter sport debates about __,1,lebron best athlete of our generation if not all time basketball related i don t want to get into inter sport debates about __,1.0,0.0,0.0,0.0,0.0,1.0,0.0,0.0,0.0,8.333333333333334,Positive
i was talking to this guy last night and he was telling me that he is a die hard spurs fan he also told me that he hates lebron james,0,i was talking to this guy last night and he was telling me that he is a die hard spurs fan he also told me that he hates lebron james,0.219672131147541,0.780327868852459,0.0,0.560655737704918,0.439344262295082,0.0,0.0,0.43934426229508206,0.560655737704918,4.237423498292874,Neutral
i love lebron,1,i love lebron,1.0,0.0,0.0,0.0,0.0,1.0,0.0,0.0,0.0,8.333333333333334,Positive
lebron is a beast but i m still cheering the a until the end,0,lebron is a beast but i m still cheering the a til the end,1.0,0.0,0.0,0.0,0.0,1.0,0.0,0.0,0.0,8.333333333333334,Positive
lebron is the boss,1,lebron is the boss,0.0,0.0,0.0,0.0,0.0,0.0,0.0,0.0,0.0,5.000000000000001,Neutral
lebron is a hometown hero to me laughing out loud i love the lakers but letis go cavs laughing out loud,1,lebron is a hometown hero to me lol i love the lakers but let s go cavs lol,1.0,0.0,0.0,0.0,0.0,1.0,0.0,0.0,0.0,8.333333333333334,Positive
lebron and zydrunas are such an awesome duo,1,lebron and zydrunas are such an awesome duo,1.0,0.0,0.0,0.0,0.0,1.0,0.0,0.0,0.0,8.333333333333334,Positive
lebron is a beast nobody in the National Basketball Association comes even close,1,lebron is a beast nobody in the nba comes even close,0.0,0.0,0.0,0.0,0.0,0.0,0.0,0.0,0.0,5.000000000000001,Neutral
downloading apps for my iphone so much fun there literally is an app for just about anything,1,downloading apps for my iphone so much fun there literally is an app for just about anything,1.0,0.0,0.0,0.0,0.0,1.0,0.0,0.0,0.0,8.333333333333334,Positive
good news just had a call from the visa office saying everything is fine what a relief i am sick of scams out there stealing,1,good news just had a call from the visa office saying everything is fine what a relief i am sick of scams out there stealing,0.4189944134078212,0.5810055865921787,0.0,0.16201117318435765,0.8379888268156424,0.0,0.0,0.8379888268156426,0.16201117318435743,4.9236275093975985,Neutral
awesome come back from via,1,awesome come back from via,1.0,0.0,0.0,0.0,0.0,1.0,0.0,0.0,0.0,8.333333333333334,Positive
in montreal for a long weekend of r & r much needed,1,in montreal for a long weekend of r amp r much needed,0.0,0.0,0.0,0.0,0.0,0.0,0.0,0.0,0.0,5.000000000000001,Neutral
booz allen hamilton has a bad ass homegrown social collaboration platform way cool,1,booz allen hamilton has a bad ass homegrown social collaboration platform way cool ttiv,1.0,0.0,0.0,0.0,0.0,1.0,0.0,0.0,0.0,8.333333333333334,Positive
mluc customer innovation award winner booz allen hamilton,1,mluc customer innovation award winner booz allen hamilton,1.0,0.0,0.0,0.0,0.0,1.0,0.0,0.0,0.0,8.333333333333334,Positive
i current use the nikon Digital and love it but not as much as the canon Digital Digital i chose the Digital for the video feature my mistake,1,i current use the nikon d and love it but not as much as the canon d d i chose the d for the video feature my mistake,0.4583333333333333,0.5416666666666666,0.0,0.08333333333333337,0.9166666666666666,0.0,0.0,0.9166666666666667,0.08333333333333326,4.96116504854369,Neutral
google is always a good place to look should ve mentioned i worked on the mustang w my dad,1,google is always a good place to look should ve mentioned i worked on the mustang w my dad,1.0,0.0,0.0,0.0,0.0,1.0,0.0,0.0,0.0,8.333333333333334,Positive
played with an android google phone the slide out screen scares me i would break that fucker so fast still prefer my iphone,0,played with an android google phone the slide out screen scares me i would break that fucker so fast still prefer my iphone,0.2631578947368421,0.7368421052631579,0.0,0.4736842105263158,0.5263157894736842,0.0,0.0,0.5263157894736843,0.4736842105263157,4.463284612527584,Neutral
us planning to resume the military tribunals at guantanamo bay only this time those on trial will be aig execs and chrysler debt holders,0,us planning to resume the military tribunals at guantanamo bay only this time those on trial will be aig execs and chrysler debt holders,0.0,1.0,0.0,0.0,0.0,0.0,0.0,0.0,1.0,1.6666666666666665,Negative
oh my god so bored & my tattoooos are so itchy help aha,0,omg so bored amp my tattoooos are so itchy help aha,0.4815465729349737,0.5184534270650264,0.0,0.03690685413005257,0.9630931458699474,0.0,0.0,0.9630931458699472,0.03690685413005279,4.982816813650161,Neutral
i m itchy and miserable,0,i m itchy and miserable,0.0,1.0,0.0,0.0,0.0,0.0,0.0,0.0,1.0,1.6666666666666665,Negative
no i m not itchy for now maybe later laughing out loud,0,no i m not itchy for now maybe later lol,0.6948818897637795,0.3051181102362205,0.0,0.0,0.610236220472441,0.38976377952755903,0.38976377952755903,0.610236220472441,0.0,5.360752409256585,Neutral
i love the nerdy stanford human biology videos makes me miss school,1,rt i love the nerdy stanford human biology videos makes me miss school,0.5995717344753747,0.4004282655246252,0.0,0.0,0.8008565310492506,0.1991434689507494,0.19914346895074964,0.8008565310492504,0.0,5.094805435976933,Neutral
has been a bit crazy with steep learning curve but lyx is really good for long docs for anything shorter it would be insane,1,has been a bit crazy with steep learning curve but lyx is really good for long docs for anything shorter it would be insane,0.4489164086687306,0.5510835913312694,0.0,0.10216718266253877,0.8978328173374612,0.0,0.0,0.8978328173374612,0.10216718266253877,4.952311422460284,Neutral
i m listening to p y t by danny gokey less than less than less than aww heis so amazing i less than him so much,1,i m listening to p y t by danny gokey lt lt lt aww he s so amazing i lt him so much,1.0,0.0,0.0,0.0,0.0,1.0,0.0,0.0,0.0,8.333333333333334,Positive
is going to sleep then on a bike ride,1,is going to sleep then on a bike ride,0.0,0.0,0.0,0.0,0.0,0.0,0.0,0.0,0.0,5.000000000000001,Neutral
can not sleep my tooth is aching,0,cant sleep my tooth is aching,0.0,1.0,0.0,0.0,0.0,0.0,0.0,0.0,1.0,1.6666666666666665,Negative
blah blah blah same old same old no plans today going back to sleep i guess,0,blah blah blah same old same old no plans today going back to sleep i guess,0.0,1.0,0.0,0.0,0.0,0.0,0.0,0.0,1.0,1.6666666666666665,Negative
glad i did not do bay to breakers today itis freaking degrees in san francisco what the heck,0,glad i didnt do bay to breakers today it s freaking degrees in san francisco wtf,0.5161290322580644,0.4838709677419355,0.0,0.0,0.9677419354838712,0.03225806451612878,0.032258064516129004,0.967741935483871,0.0,5.015020939327865,Neutral
obama administration must stop bonuses to aig ponzi schemers,0,obama administration must stop bonuses to aig ponzi schemers,0.620309050772627,0.379690949227373,0.0,0.0,0.759381898454746,0.24061810154525398,0.24061810154525398,0.759381898454746,0.0,5.148603775449684,Neutral
started to think that citi is in really deepis & t are they going to survive the turmoil or are they going to be the next aig,0,started to think that citi is in really deep s amp t are they gonna survive the turmoil or are they gonna be the next aig,0.0,1.0,0.0,0.0,0.0,0.0,0.0,0.0,1.0,1.6666666666666665,Negative
shaunwoo hate n on aig,0,shaunwoo hate n on aig,0.0,1.0,0.0,0.0,0.0,0.0,0.0,0.0,1.0,1.6666666666666665,Negative
you will not regret going to see star trek it was awesome,1,you will not regret going to see star trek it was awesome,1.0,0.0,0.0,0.0,0.0,1.0,0.0,0.0,0.0,8.333333333333334,Positive
annoying new trend on the internets people picking apart michael lewis and malcolm gladwell nobody wants to read that,0,annoying new trend on the internets people picking apart michael lewis and malcolm gladwell nobody wants to read that,0.0,1.0,0.0,0.0,0.0,0.0,0.0,0.0,1.0,1.6666666666666665,Negative
highly recommend by malcolm gladwell,1,highly recommend by malcolm gladwell,1.0,0.0,0.0,0.0,0.0,1.0,0.0,0.0,0.0,8.333333333333334,Positive
blink by malcolm gladwell amazing book and the tipping point,1,blink by malcolm gladwell amazing book and the tipping point,1.0,0.0,0.0,0.0,0.0,1.0,0.0,0.0,0.0,8.333333333333334,Positive
malcolm gladwell might be my new man crush,1,malcolm gladwell might be my new man crush,0.0,1.0,0.0,0.0,0.0,0.0,0.0,0.0,1.0,1.6666666666666665,Negative
oh my god the commercials alone on Entertainment and Sports Programming Network are going to drive me nuts,0,omg the commercials alone on espn are going to drive me nuts,0.5328282828282828,0.4671717171717171,0.0,0.0,0.9343434343434345,0.06565656565656552,0.06565656565656575,0.9343434343434343,0.0,5.030570797406114,Neutral
playing with twitter api sounds fun may need to take a class or find a new friend who like to generate results with api code,1,playing with twitter api sounds fun may need to take a class or find a new friend who like to generate results with api code,1.0,0.0,0.0,0.0,0.0,1.0,0.0,0.0,0.0,8.333333333333334,Positive
hello twitter api,1,hello twitter api,0.0,0.0,0.0,0.0,0.0,0.0,0.0,0.0,0.0,5.000000000000001,Neutral
because the twitter api is slow and most clientis aren t good,0,because the twitter api is slow and most client s aren t good,1.0,0.0,0.0,0.0,0.0,1.0,0.0,0.0,0.0,8.333333333333334,Positive
yahoo answers can be a butt sometimes,0,yahoo answers can be a butt sometimes,0.0,0.0,0.0,0.0,0.0,0.0,0.0,0.0,0.0,5.000000000000001,Neutral
is scrapbooking with nic Digital,1,is scrapbooking with nic d,0.0,0.0,0.0,0.0,0.0,0.0,0.0,0.0,0.0,5.000000000000001,Neutral
five things wolfram alpha does better and vastly different than google,1,rt five things wolfram alpha does better and vastly different than google,1.0,0.0,0.0,0.0,0.0,1.0,0.0,0.0,0.0,8.333333333333334,Positive
just changed my default pic to a nike basketball cause bball is awesome,1,just changed my default pic to a nike basketball cause bball is awesome,1.0,0.0,0.0,0.0,0.0,1.0,0.0,0.0,0.0,8.333333333333334,Positive
was just told that nike layoffs started today,0,rt was just told that nike layoffs started today,0.0,0.0,0.0,0.0,0.0,0.0,0.0,0.0,0.0,5.000000000000001,Neutral
back when i worked for nike we had one favorite word just do it,1,back when i worked for nike we had one fav word just do it,1.0,0.0,0.0,0.0,0.0,1.0,0.0,0.0,0.0,8.333333333333334,Positive
by the way i m totally inspired by this freaky nike commercial,1,by the way i m totally inspired by this freaky nike commercial,0.5827505827505828,0.4172494172494172,0.0,0.0,0.8344988344988344,0.16550116550116556,0.16550116550116556,0.8344988344988344,0.0,5.078080308317849,Neutral
class the Digital is supposed to come today,1,class the d is supposed to come today,0.0,0.0,0.0,0.0,0.0,0.0,0.0,0.0,0.0,5.000000000000001,Neutral
needs someone to explain lambda calculus to him,0,needs someone to explain lambda calculus to him,0.0,0.0,0.0,0.0,0.0,0.0,0.0,0.0,0.0,5.000000000000001,Neutral
took the graduate field exam for computer science today nothing makes you feel like more of an idiot than lambda calculus,0,took the graduate field exam for computer science today nothing makes you feel like more of an idiot than lambda calculus,0.4132231404958678,0.5867768595041322,0.0,0.17355371900826444,0.8264462809917356,0.0,0.0,0.8264462809917357,0.17355371900826433,4.917960993766475,Neutral
shout outs to all east palo alto for being in the buildin karizmakaze cal gta also thanks to profits of doom universal hempz cracka,1,shout outs to all east palo alto for being in the buildin karizmakaze cal gta also thanks to profits of doom universal hempz cracka,0.6816608996539791,0.3183391003460207,0.0080251693725585,0.0,0.6366782006920417,0.36332179930795827,0.3633217993079586,0.6366782006920414,0.0,5.320394445803186,Neutral
yeahhhhhhhhh i wouldn t really have lived in east palo alto if i could have avoided it i guess itis only for the summer,0,yeahhhhhhhhh i wouldn t really have lived in east palo alto if i could have avoided it i guess it s only for the summer,0.0,1.0,0.0,0.0,0.0,0.0,0.0,0.0,1.0,1.6666666666666665,Negative
great stanford course thanks for making it available to the public really helpful and informative for starting off,1,great stanford course thanks for making it available to the public really helpful and informative for starting off,1.0,0.0,0.0,0.0,0.0,1.0,0.0,0.0,0.0,8.333333333333334,Positive
work until afternoon/evening let us go lakers,1,work til pm lets go lakers,0.0,0.0,0.0,0.0,0.0,0.0,0.0,0.0,0.0,5.000000000000001,Neutral
damn you north korea,0,damn you north korea,0.0,1.0,0.0,0.0,0.0,0.0,0.0,0.0,1.0,1.6666666666666665,Negative
can we just go ahead and blow north korea off the map already,0,can we just go ahead and blow north korea off the map already,0.0,0.0,0.0,0.0,0.0,0.0,0.0,0.0,0.0,5.000000000000001,Neutral
north korea please cease this douchebaggery china doesn t even like you anymore,0,north korea please cease this douchebaggery china doesn t even like you anymore,1.0,0.0,0.0,0.0,0.0,1.0,0.0,0.0,0.0,8.333333333333334,Positive
why the hell is pelosi in very china and on whose dime,0,why the hell is pelosi in freakin china and on whose dime,0.0,1.0,0.0,0.0,0.0,0.0,0.0,0.0,1.0,1.6666666666666665,Negative
are you burning more cash than chrysler and General Motors stop the financial tsunami where bailout means taking a handout,0,are you burning more cash than chrysler and gm stop the financial tsunami where bailout means taking a handout,0.0,1.0,0.0,0.0,0.0,0.0,0.0,0.0,1.0,1.6666666666666665,Negative
insects have infected my spinach plant,0,insects have infected my spinach plant,0.0,1.0,0.0,0.0,0.0,0.0,0.0,0.0,1.0,1.6666666666666665,Negative
wish i could catch every mosquito in the world n burn em slowly they been bitin the shit outta me day mosquitos are the assholes of insects,0,wish i could catch every mosquito in the world n burn em slowly they been bitin the shit outta me day mosquitos are the assholes of insects,0.6377708978328173,0.3622291021671827,0.0,0.0,0.7244582043343655,0.2755417956656345,0.27554179566563464,0.7244582043343654,0.0,5.195522842761056,Neutral
just got back from church and i totally hate insects,0,just got back from church and i totally hate insects,0.0,1.0,0.0,0.0,0.0,0.0,0.0,0.0,1.0,1.6666666666666665,Negative
just got mcdonalds goddam those eggs make me sick o yeah laker up date go lakers not much of an update well itis true so suck it,0,just got mcdonalds goddam those eggs make me sick o yeah laker up date go lakers not much of an update well it s true so suck it,0.4029850746268656,0.5970149253731344,0.0,0.19402985074626877,0.8059701492537312,0.0,0.0,0.8059701492537312,0.19402985074626877,4.90777003774213,Neutral
oh my god i ohhdee want mcdonalds damn i wonder if its open laughing out loud,1,omgg i ohhdee want mcdonalds damn i wonder if its open lol,0.7095435684647303,0.2904564315352697,0.0,0.0,0.5809128630705394,0.41908713692946065,0.41908713692946065,0.5809128630705394,0.0,5.417920228241439,Neutral
history exam studying expression of frustration,0,history exam studying ugh,0.0,1.0,0.0,0.0,0.0,0.0,0.0,0.0,1.0,1.6666666666666665,Negative
i hate revision itis so boring i am totally unprepared for my exam tomorrow things are not looking good,0,i hate revision it s so boring i am totally unprepared for my exam tomorrow things are not looking good,0.0,1.0,0.0,0.0,0.0,0.0,0.0,0.0,1.0,1.6666666666666665,Negative
higher physics exam tommorow not lookin forward to it much,0,higher physics exam tommorow not lookin forward to it much,0.0,0.0,0.0,0.0,0.0,0.0,0.0,0.0,0.0,5.000000000000001,Neutral
itis a bank holiday yet i m only out of work now exam season sucks,0,it s a bank holiday yet i m only out of work now exam season sucks,0.52046783625731,0.4795321637426901,0.0,0.0,0.9590643274853801,0.040935672514619936,0.040935672514619825,0.9590643274853802,0.0,5.019057236530124,Neutral
cheney and bush are the real culprits,0,cheney and bush are the real culprits,0.0,0.0,0.0,0.0,0.0,0.0,0.0,0.0,0.0,5.000000000000001,Neutral
lifeis a bitch and so is dick cheney p bipart tlot tcot hhrs gop dnc,0,life s a bitch and so is dick cheney p bipart tlot tcot hhrs gop dnc,0.0,1.0,0.0,0.0,0.0,0.0,0.0,0.0,1.0,1.6666666666666665,Negative
dick cheneyis dishonest speech about torture terror and obama fred kaplan slate,0,dick cheney s dishonest speech about torture terror and obama fred kaplan slate,0.0,1.0,0.0,0.0,0.0,0.0,0.0,0.0,1.0,1.6666666666666665,Negative
the republican party is a bunch of anti abortion zealots who couldn t draw flies to a dump neal boortz just now on the radio,0,the republican party is a bunch of anti abortion zealots who couldn t draw flies to a dump neal boortz just now on the radio,0.2877906976744186,0.7122093023255814,0.0,0.42441860465116277,0.5755813953488372,0.0,0.0,0.5755813953488371,0.4244186046511629,4.570575933462905,Neutral
is twitteris connections api broken some tweets didn t make it to twitter,0,is twitter s connections api broken some tweets didn t make it to twitter,0.0,1.0,0.0,0.0,0.0,0.0,0.0,0.0,1.0,1.6666666666666665,Negative
i seriously hate the stupid twitter api timeout thing soooo annoying,0,i srsly hate the stupid twitter api timeout thing soooo annoying,0.0,1.0,0.0,0.0,0.0,0.0,0.0,0.0,1.0,1.6666666666666665,Negative
i really liked learning jquery book is worth a look too,1,i really liked learning jquery book is worth a look too,1.0,0.0,0.0,0.0,0.0,1.0,0.0,0.0,0.0,8.333333333333334,Positive
very interesting ad from adobe by goodby silverstein & partners youtube adobe cs le sens propre,1,very interesting ad from adobe by goodby silverstein amp partners youtube adobe cs le sens propre,1.0,0.0,0.0,0.0,0.0,1.0,0.0,0.0,0.0,8.333333333333334,Positive
goodby silverstein agency new site great,1,goodby silverstein agency new site great,1.0,0.0,0.0,0.0,0.0,1.0,0.0,0.0,0.0,8.333333333333334,Positive
goodby silversteinis new site i enjoy it nice find,1,rt goodby silverstein s new site i enjoy it nice find,1.0,0.0,0.0037574768066406,0.0,0.0,1.0,0.0,0.0,0.0,8.333333333333334,Positive
the ever amazing psyop and goodby silverstein & partners for hp have to go play with after effects now,1,the ever amazing psyop and goodby silverstein amp partners for hp have to go play with after effects now,1.0,0.0,0.0001468658447265,0.0,0.0,1.0,0.0,0.0,0.0,8.333333333333334,Positive
top ten most watched on viral video chart love the nike mostvaluablepuppets campaign from wieden & kennedy,1,top ten most watched on viral video chart love the nike mostvaluablepuppets campaign from wieden amp kennedy,1.0,0.0,0.0,0.0,0.0,1.0,0.0,0.0,0.0,8.333333333333334,Positive
oh my god i have a g,1,zomg i have a g,1.0,0.0,0.0,0.0,0.0,1.0,0.0,0.0,0.0,8.333333333333334,Positive
ok so lots of buzz from Input/Output but how lucky are they a free g,1,ok so lots of buzz from io but how lucky are they a free g,1.0,0.0,0.0,0.0,0.0,1.0,0.0,0.0,0.0,8.333333333333334,Positive
just got a free g android at google i o,1,just got a free g android at google i o,1.0,0.0,0.0,0.0,0.0,1.0,0.0,0.0,0.0,8.333333333333334,Positive
guess i ll be retiring my g and start using my developer g woot googleio,1,guess i ll be retiring my g and start using my developer g woot googleio,1.0,0.0,0.0,0.0,0.0,1.0,0.0,0.0,0.0,8.333333333333334,Positive
i am happy for philip being at googleio today,1,i am happy for philip being at googleio today,1.0,0.0,0.0,0.0,0.0,1.0,0.0,0.0,0.0,8.333333333333334,Positive
lakers played great can not wait for thursday night lakers vs,1,lakers played great cannot wait for thursday night lakers vs,1.0,0.0,0.0,0.0,0.0,1.0,0.0,0.0,0.0,8.333333333333334,Positive
judd apatow creates fake sitcom on nbc com to market his new movie viral marketing at its best,1,judd apatow creates fake sitcom on nbc com to market his new movie viral marketing at its best,0.6701298701298701,0.3298701298701298,0.0,0.0,0.6597402597402597,0.34025974025974026,0.3402597402597404,0.6597402597402596,0.0,5.286373579628159,Neutral
viral marketing fail this acia pills brand oughta get shut down for hacking into peopleis messengeris i get msgs in a day arrrgh,0,viral marketing fail this acia pills brand oughta get shut down for hacking into people s messenger s i get msgs in a day arrrgh,0.0,1.0,0.0,0.0,0.0,0.0,0.0,0.0,1.0,1.6666666666666665,Negative
watching night at the museum laughing my ass off,1,watching night at the museum lmao,0.4785276073619632,0.5214723926380368,0.0,0.042944785276073594,0.9570552147239264,0.0,0.0,0.9570552147239264,0.042944785276073594,4.980008084873653,Neutral
i loved night at the museum,1,i loved night at the museum,1.0,0.0,0.0,0.0,0.0,1.0,0.0,0.0,0.0,8.333333333333334,Positive
just got back from the movies went to see the new night at the museum with rachel it was good,1,just got back from the movies went to see the new night at the museum with rachel it was good,1.0,0.0,0.0,0.0,0.0,1.0,0.0,0.0,0.0,8.333333333333334,Positive
i will take you on a date to see night at the museum whenever you want it looks soooooo good,1,i will take you on a date to see night at the museum whenever you want it looks soooooo good,1.0,0.0,0.0,0.0,0.0,1.0,0.0,0.0,0.0,8.333333333333334,Positive
no watching the night at the museum getting really good,1,no watching the night at the museum getting really good,0.5920398009950248,0.4079601990049751,0.0,0.0,0.8159203980099503,0.1840796019900497,0.1840796019900498,0.8159203980099502,0.0,5.087254278365937,Neutral
night at the museum wolverine and junk food perfect monday,1,night at the museum wolverine and junk food perfect monday,1.0,0.0,0.0,0.0,0.0,1.0,0.0,0.0,0.0,8.333333333333334,Positive
saw night at the museum last night pretty crazy movie but the cast was awesome so it was well worth it robin williams forever,1,saw night at the museum last night pretty crazy movie but the cast was awesome so it was well worth it robin williams forever,0.8858447488584476,0.1141552511415525,0.0,0.0,0.2283105022831049,0.7716894977168951,0.771689497716895,0.228310502283105,0.0,6.573999631920646,Neutral
night at the museum tonite instead of up oh well that yr old better enjoy it laughing out loud,0,night at the museum tonite instead of up oh well that yr old better enjoy it lol,1.0,0.0,0.0,0.0,0.0,1.0,0.0,0.0,0.0,8.333333333333334,Positive
itis unfortunate that after the stimulus plan was put in place twice to help General Motors on the back of the american people has led to the inevitable,0,it s unfortunate that after the stimulus plan was put in place twice to help gm on the back of the american people has led to the inevitable,0.4722222222222222,0.5277777777777778,0.0,0.05555555555555558,0.9444444444444444,0.0,0.0,0.9444444444444444,0.05555555555555558,4.974137931034484,Neutral
tell me again why we are giving more to General Motors we should use that for all the programs that support the unemployed,0,tell me again why we are giving more to gm we should use that for all the programs that support the unemployed,1.0,0.0,0.0,0.0,0.0,1.0,0.0,0.0,0.0,8.333333333333334,Positive
oh yes but if General Motors dies it will only be worth more boo hahaha,0,oh yes but if gm dies it will only be worth more boo hahaha,1.0,0.0,0.0,0.0,0.0,1.0,0.0,0.0,0.0,8.333333333333334,Positive
time warner cable is down again third time since memorial day bummer,0,time warner cable is down again rd time since memorial day bummer,0.0,1.0,0.0,0.0,0.0,0.0,0.0,0.0,1.0,1.6666666666666665,Negative
i would rather pay reasonable yearly taxes for free fast internet than get gouged by time warner for a slow connection,0,i would rather pay reasonable yearly taxes for free fast internet than get gouged by time warner for a slow connection,0.7004608294930875,0.2995391705069125,0.0,0.0,0.599078341013825,0.40092165898617504,0.40092165898617504,0.599078341013825,0.0,5.378794917028671,Neutral
nooooooo my Digital Video Recorder just died and i was only half way through the ea presser hate you time warner,0,nooooooo my dvr just died and i was only half way through the ea presser hate you time warner,0.0,1.0,0.0,0.0,0.0,0.0,0.0,0.0,1.0,1.6666666666666665,Negative
f ck time warner cable you f cking suck balls i have a hd tv & my damn hd channels hardly ever come in bullshit,0,f ck time warner cable you f cking suck balls i have a hd tv amp my damn hd channels hardly ever come in bullshit,0.0,1.0,0.0,0.0,0.0,0.0,0.0,0.0,1.0,1.6666666666666665,Negative
time warner has the worse customer service ever i will never use them again,0,time warner has the worse customer service ever i will never use them again,0.0,1.0,0.0045270919799804,0.0,0.0,0.0,0.0,0.0,1.0,1.6666666666666665,Negative
time warner is the devil worst possible time for the internet to go out,0,time warner is the devil worst possible time for the internet to go out,0.0,1.0,0.0,0.0,0.0,0.0,0.0,0.0,1.0,1.6666666666666665,Negative
fuck no internet damn time warner,0,fuck no internet damn time warner,0.0,1.0,0.0,0.0,0.0,0.0,0.0,0.0,1.0,1.6666666666666665,Negative
time warner really picks the worst time to not work all i want to do is get to Music Television com so i can watch the hills wtfffff,0,time warner really picks the worst time to not work all i want to do is get to mtv com so i can watch the hills wtfffff,0.0,1.0,0.0,0.0,0.0,0.0,0.0,0.0,1.0,1.6666666666666665,Negative
i hate time warner soooo wish i had Verizon Fios can not watch the fricken mets game w o buffering i feel like i am watching free internet porn,0,i hate time warner soooo wish i had vios cant watch the fricken mets game w o buffering i feel like im watching free internet porn,0.6956521739130435,0.3043478260869565,0.0,0.0,0.6086956521739131,0.3913043478260869,0.39130434782608703,0.608695652173913,0.0,5.363152943101404,Neutral
ahh got rid of stupid time warner today & now taking a nap while the roomies cook for me pretty good end for a monday,0,ahh got rid of stupid time warner today amp now taking a nap while the roomies cook for me pretty good end for a monday,0.6426426426426427,0.3573573573573574,0.0,0.0,0.7147147147147146,0.2852852852852854,0.2852852852852852,0.7147147147147148,0.0,5.208838209581951,Neutral
time warneris hd line up is crap,0,time warner s hd line up is crap,0.0,1.0,0.0,0.0,0.0,0.0,0.0,0.0,1.0,1.6666666666666665,Negative
is being fucked by time warner cable did not know modems could explode and susan boyle sucks too,0,is being fucked by time warner cable didnt know modems could explode and susan boyle sucks too,0.0,1.0,0.0,0.0,0.0,0.0,0.0,0.0,1.0,1.6666666666666665,Negative
time warner cable slogan where calling it a day at afternoon/evening happens,0,time warner cable slogan where calling it a day at pm happens,0.0,0.0,0.0,0.0,0.0,0.0,0.0,0.0,0.0,5.000000000000001,Neutral
recovering from surgery wishing was here,0,recovering from surgery wishing was here,1.0,0.0,0.0,0.0,0.0,1.0,0.0,0.0,0.0,8.333333333333334,Positive
my wrist still hurts i have to get it looked at i hate the doctor dentist scary places time to watch eagle eye if you want to join text message,1,my wrist still hurts i have to get it looked at i hate the dr dentist scary places time to watch eagle eye if you want to join txt,0.2594594594594595,0.7405405405405406,0.0,0.48108108108108105,0.518918918918919,0.0,0.0,0.5189189189189187,0.4810810810810813,4.446945147476203,Neutral
the dentist lied you will not feel any discomort prob will not even need pain pills man you tripping this shit hurt how many pills can i take,0,the dentist lied u won t feel any discomort prob won t even need pain pills man u twippin this shit hurt how many pills can i take,0.2083333333333333,0.7916666666666666,0.0,0.5833333333333335,0.4166666666666666,0.0,0.0,0.41666666666666674,0.5833333333333333,4.171702404158544,Neutral
my dentist is great but sheis expensive,0,my dentist is great but she s expensive,1.0,0.0,0.0,0.0,0.0,1.0,0.0,0.0,0.0,8.333333333333334,Positive
is studing math tomorrow exam and dentist,1,is studing math tomorrow exam and dentist,0.0,0.0,0.0,0.0,0.0,0.0,0.0,0.0,0.0,5.000000000000001,Neutral
my dentist was wrong wrong,0,my dentist was wrong wrong,0.0,1.0,0.0,0.0,0.0,0.0,0.0,0.0,1.0,1.6666666666666665,Negative
going to the dentist later,0,going to the dentist later,0.0,0.0,0.0,0.0,0.0,0.0,0.0,0.0,0.0,5.000000000000001,Neutral
son has me looking at cars online i hate car shopping would rather go to the dentist anyone with a good car at a good price to sell,0,son has me looking at cars online i hate car shopping would rather go to the dentist anyone with a good car at a good price to sell,0.6112956810631229,0.3887043189368771,0.0,0.0,0.7774086378737541,0.22259136212624586,0.22259136212624575,0.7774086378737542,0.0,5.124790476171115,Neutral
luke and i got stopped walking out of safeway and asked to empty our pockets and lift our shirts how jacked up is that,0,luke and i got stopped walking out of safeway and asked to empty our pockets and lift our shirts how jacked up is that,0.0,1.0,0.0025262832641601,0.0,0.0,0.0,0.0,0.0,1.0,1.6666666666666665,Negative
safeway is very rock n roll tonight,1,safeway is very rock n roll tonight,0.0,0.0,0.0,0.0,0.0,0.0,0.0,0.0,0.0,5.000000000000001,Neutral
the safeway bathroom still smells like ass,0,the safeway bathroom still smells like ass,0.4165137614678899,0.58348623853211,0.0,0.16697247706422025,0.8330275229357798,0.0,0.0,0.83302752293578,0.16697247706422003,4.921198306001347,Neutral
at safeway on elkhorn they move like they are dead,0,at safeway on elkhorn they move like they re dead,0.3673913043478261,0.6326086956521739,0.0,0.26521739130434785,0.7347826086956522,0.0,0.0,0.7347826086956522,0.26521739130434785,4.818471420398399,Neutral
i love dwight howardis vitamin water commercial now i wish he was with nike and not adidas laughing out loud,1,i love dwight howard s vitamin water commercial now i wish he was with nike and not adidas lol,0.7763157894736842,0.2236842105263158,0.0,0.0,0.44736842105263164,0.5526315789473684,0.5526315789473684,0.4473684210526316,0.0,5.739799441558833,Neutral
found nothing at nike factory off to banana republic outlet,0,found nothing at nike factory off to banana republic outlet,0.0,0.0,0.0,0.0,0.0,0.0,0.0,0.0,0.0,5.000000000000001,Neutral
is lovin his nike already and thatis only from running on the spot in his bedroom,1,is lovin his nike already and that s only from running on the spot in his bedroom,0.0,0.0,0.0,0.0,0.0,0.0,0.0,0.0,0.0,5.000000000000001,Neutral
i finally got around to using jquery to make my bio collapse yay for slide animations,1,i finally got around to using jquery to make my bio collapse yay for slide animations,0.5148809523809524,0.4851190476190476,0.0,0.0,0.9702380952380951,0.029761904761904878,0.029761904761904767,0.9702380952380952,0.0,5.013859915850511,Neutral
right laughing out loud we will get there i have high expectations warren buffet style,1,right lol we ll get there i have high expectations warren buffet style,1.0,0.0,0.0,0.0,0.0,1.0,0.0,0.0,0.0,8.333333333333334,Positive
great someoneis sitting in the shade today because someone planted a tree a long time ago warren buffet,1,rt rt great someone s sitting in the shade today because someone planted a tree a long time ago warren buffet,1.0,0.0,0.0,0.0,0.0,1.0,0.0,0.0,0.0,8.333333333333334,Positive
warren buffet became for a time the richest man in the united states not by working but investing in big idea which lead to the fortune,1,warren buffet became for a time the richest man in the united states not by working but investing in big idea which lead to the fortune,1.0,0.0,0.0,0.0,0.0,1.0,0.0,0.0,0.0,8.333333333333334,Positive
according to the create a school notre dame will have receivers in ncaa at or higher rating sweet,1,according to the create a school notre dame will have receivers in ncaa at or higher rating sweet,1.0,0.0,0.0,0.0,0.0,1.0,0.0,0.0,0.0,8.333333333333334,Positive
itis definitely under warranty & my experience is the amazon support for kindle is great had to contact them about my kindle,1,it s definitely under warranty amp my experience is the amazon support for kindle is great had to contact them about my kindle,1.0,0.0,0.0,0.0,0.0,1.0,0.0,0.0,0.0,8.333333333333334,Positive
time warner road runner customer support here absolutely blows i hate not having other high speed net options i m ready to go nuclear,0,time warner road runner customer support here absolutely blows i hate not having other high speed net options i m ready to go nuclear,0.5667655786350149,0.4332344213649852,0.0,0.0,0.8664688427299703,0.13353115727002973,0.13353115727002962,0.8664688427299704,0.0,5.062594805436028,Neutral
time warner cable phone reps r dumber than nails expression of frustration cable was working mins ago now its not what the heck,0,time warner cable phone reps r dumber than nails ugh cable was working mins ago now its not wtf,0.0,1.0,0.0,0.0,0.0,0.0,0.0,0.0,1.0,1.6666666666666665,Negative
we tried but time warner wasn t being nice so we recorded today,0,we tried but time warner wasn t being nice so we recorded today,1.0,0.0,0.0,0.0,0.0,1.0,0.0,0.0,0.0,8.333333333333334,Positive
oh my god time warner f ed up my internet install instead of today its now next saturday another week w o internet & ehfa very fhg forget my life,0,omg time warner f ed up my internet install instead of today its now next saturday another week w o internet amp ehfa v fhg fml,0.4900662251655629,0.5099337748344371,0.0,0.019867549668874163,0.9801324503311258,0.0,0.0,0.9801324503311257,0.019867549668874274,4.990743213952614,Neutral
wth i have never seen a line this loooong at time warner before expression of frustration,0,wth i have never seen a line this loooong at time warner before ugh,0.0,1.0,0.0,0.0,0.0,0.0,0.0,0.0,1.0,1.6666666666666665,Negative
impatiently awaiting the arrival of the time warner guy itis way too pretty to be inside all afternoon,0,impatiently awaiting the arrival of the time warner guy it s way too pretty to be inside all afternoon,0.5427509293680297,0.4572490706319702,0.0,0.0,0.9144981412639406,0.08550185873605942,0.08550185873605964,0.9144981412639404,0.0,5.039851466813525,Neutral
naive bayes using em for text classification really frustrating,0,naive bayes using em for text classification really frustrating,0.0,1.0,0.0,0.0,0.0,0.0,0.0,0.0,1.0,1.6666666666666665,Negative
we went to stanford university today got a tour made me want to go back to college itis also decided all of our kids will go there,1,we went to stanford university today got a tour made me want to go back to college it s also decided all of our kids will go there,1.0,0.0,0.0,0.0,0.0,1.0,0.0,0.0,0.0,8.333333333333334,Positive
if you re being harassed by calls about your car warranty changing your number will not fix that they call every number Digital bags,0,if you re being harassed by calls about your car warranty changing your number won t fix that they call every number d bags,0.4266666666666666,0.5733333333333334,0.0,0.14666666666666683,0.8533333333333332,0.0,0.0,0.8533333333333333,0.14666666666666672,4.931083862883739,Neutral
just blocked united blood services using google voice they call more than those car warranty guys,0,just blocked united blood services using google voice they call more than those car warranty guys,0.5714285714285714,0.4285714285714285,0.0,0.0,0.8571428571428572,0.1428571428571428,0.14285714285714302,0.857142857142857,0.0,5.067077344284737,Neutral
at & t is complete fail,0,at amp t is complete fail,0.0,1.0,0.0,0.0,0.0,0.0,0.0,0.0,1.0,1.6666666666666665,Negative
oh snap you work at at & t don t you,0,oh snap you work at at amp t don t you,0.0,0.0,0.0,0.0,0.0,0.0,0.0,0.0,0.0,5.000000000000001,Neutral
i really do not want at & t phone service they suck when it comes to having a signal,0,i really dont want at amp t phone service they suck when it comes to having a signal,0.0,1.0,0.0,0.0,0.0,0.0,0.0,0.0,1.0,1.6666666666666665,Negative
i say we just cut out the small talk at & tis new slogan heck you give us your money apologies to bob geldof,0,i say we just cut out the small talk at amp t s new slogan f__k you give us your money apologies to bob geldof,0.0,1.0,0.0,0.0,0.0,0.0,0.0,0.0,1.0,1.6666666666666665,Negative
pissed about at & tis mid contract upgrade price for the iphone itis more i m not going to pay for something i thought was,0,pissed about at amp t s mid contract upgrade price for the iphone it s more i m not going to pay for something i thought was,0.2366071428571428,0.7633928571428572,0.0,0.5267857142857144,0.4732142857142856,0.0,0.0,0.4732142857142856,0.5267857142857144,4.332128218202992,Neutral
safari is fast even on my shitty at & t tethering,0,safari is fast even on my shitty at amp t tethering,0.0,1.0,0.0,0.0,0.0,0.0,0.0,0.0,1.0,1.6666666666666665,Negative
what is at & t hecking up,0,what is at amp t fucking up,0.0,0.0,0.0,0.0,0.0,0.0,0.0,0.0,0.0,5.000000000000001,Neutral
at & t dropped the ball and isn t supporting crap with the new iphone fail att sucks,0,at amp t dropped the ball and isn t supporting crap with the new iphone fail att sucks,0.2524461839530332,0.7475538160469667,0.0,0.4951076320939336,0.5048923679060664,0.0,0.0,0.5048923679060666,0.4951076320939334,4.415729301798061,Neutral
yay glad you got the phone still damn you at & t,0,yay glad you got the phone still damn you at amp t,0.7031802120141343,0.2968197879858657,0.0,0.0,0.5936395759717314,0.40636042402826855,0.40636042402826855,0.5936395759717314,0.0,5.390500943818793,Neutral
talk is cheap bing that i ll stick with google,0,talk is cheap bing that i ll stick with google,0.0,0.0,0.0,0.0,0.0,0.0,0.0,0.0,0.0,5.000000000000001,Neutral
what the heck is the point of deleting tweets if they can still be found in Twitter search service and searches twitter please fix that thanks and bye,0,wtf is the point of deleting tweets if they can still be found in summize and searches twitter please fix that thanks and bye,1.0,0.0,0.0,0.0,0.0,1.0,0.0,0.0,0.0,8.333333333333334,Positive
i love google translator too Digital good day mate,1,i love google translator too d good day mate,1.0,0.0,0.0,0.0,0.0,1.0,0.0,0.0,0.0,8.333333333333334,Positive
reading on my new kindle,1,reading on my new kindle,0.0,0.0,0.0,0.0,0.0,0.0,0.0,0.0,0.0,5.000000000000001,Neutral
my kindle came and i love it,1,my kindle came and i love it,1.0,0.0,0.0,0.0,0.0,1.0,0.0,0.0,0.0,8.333333333333334,Positive
loving my new kindle named her kendra in case you we are wondering the cookbook is the tool because it tells you all the tricks best gift evr,1,loving my new kindle named her kendra in case u were wondering the cookbook is the tool cuz it tells u all the tricks best gift evr,0.8801169590643275,0.1198830409356725,0.0,0.0,0.23976608187134496,0.760233918128655,0.760233918128655,0.239766081871345,0.0,6.516640362839587,Neutral
the real aig scandal,0,the real aig scandal,0.0,1.0,0.0,0.0,0.0,0.0,0.0,0.0,1.0,1.6666666666666665,Negative
obama is quite a good comedian check out his dinner speech on cnn very funny jokes,1,obama is quite a good comedian check out his dinner speech on cnn very funny jokes,1.0,0.0,0.0,0.0,0.0,1.0,0.0,0.0,0.0,8.333333333333334,Positive
barack obama shows his funny side greater than greater than great speech,1,barack obama shows his funny side gt gt great speech,1.0,0.0,0.0055105686187744,0.0,0.0,1.0,0.0,0.0,0.0,8.333333333333334,Positive
i like this guy barack obama shows his funny side greater than greater than,1,i like this guy barack obama shows his funny side gt gt,1.0,0.0,0.0,0.0,0.0,1.0,0.0,0.0,0.0,8.333333333333334,Positive
obamais speech was pretty awesome last night,1,obama s speech was pretty awesome last night,1.0,0.0,0.0,0.0,0.0,1.0,0.0,0.0,0.0,8.333333333333334,Positive
reading bill clinton fail obama win,1,reading bill clinton fail obama win,0.5201238390092879,0.479876160990712,0.0,0.0,0.9597523219814241,0.04024767801857587,0.04024767801857598,0.959752321981424,0.0,5.018737188822454,Neutral
obama more popular than youis among arabs survey president barack obamais popularity in leading arab countries,1,obama more popular than u s among arabs survey president barack obama s popularity in leading arab countries,1.0,0.0,0.0,0.0,0.0,1.0,0.0,0.0,0.0,8.333333333333334,Positive
obamais got jokes haha just got to watch a bit of his after dinner speech from last night i m in love with mr president,1,obama s got jokes haha just got to watch a bit of his after dinner speech from last night i m in love with mr president,1.0,0.0,0.0,0.0,0.0,1.0,0.0,0.0,0.0,8.333333333333334,Positive
lebron james got in a car accident i guess just heard it on evening news wow i can not believe it will he be ok,0,lebron james got in a car accident i guess just heard it on evening news wow i cant believe it will he be ok,0.6604938271604938,0.3395061728395062,0.0,0.0,0.6790123456790125,0.3209876543209875,0.32098765432098764,0.6790123456790124,0.0,5.258673949053141,Neutral
is it me or is this the best the playoffs have been in years oh yea lebron and melo in the finals,1,is it me or is this the best the playoffs have been in years oh yea lebron and melo in the finals,1.0,0.0,0.0,0.0,0.0,1.0,0.0,0.0,0.0,8.333333333333334,Positive
no lebron is the best,1,no lebron is the best,0.6563876651982379,0.3436123348017621,0.0,0.0,0.6872246696035242,0.31277533039647576,0.31277533039647576,0.6872246696035242,0.0,5.247051307087514,Neutral
lebron is cool i like his personality he has good character,1,lebron is cool i like his personality he has good character,1.0,0.0,0.0,0.0,0.0,1.0,0.0,0.0,0.0,8.333333333333334,Positive
watching lebron highlights damn that niggas good,1,watching lebron highlights damn that niggas good,0.3628185907046476,0.6371814092953523,0.0,0.27436281859070477,0.7256371814092952,0.0,0.0,0.7256371814092955,0.27436281859070455,4.8060810081772996,Neutral
lebron is murdering shit,1,lebron is murdering shit,0.0,1.0,0.0,0.0,0.0,0.0,0.0,0.0,1.0,1.6666666666666665,Negative
lebron is a monster and he is only shaking my head the world ain t ready,1,lebron is a monsta and he is only smh the world ain t ready,0.5945945945945945,0.4054054054054054,0.0,0.0,0.810810810810811,0.18918918918918903,0.18918918918918926,0.8108108108108107,0.0,5.0898036010600105,Neutral
when lebron is done in the National Basketball Association he will probably be greater than kobe like you said kobe is good but there alot of good players,1,when lebron is done in the nba he will probably be greater than kobe like u said kobe is good but there alot of good players,1.0,0.0,0.0,0.0,0.0,1.0,0.0,0.0,0.0,8.333333333333334,Positive
kobe is good but lebron has my vote,1,kobe is good bt lebron has my vote,1.0,0.0,0.0,0.0,0.0,1.0,0.0,0.0,0.0,8.333333333333334,Positive
kobe is the best in the world not lebron,0,kobe is the best in the world not lebron,1.0,0.0,0.0,0.0,0.0,1.0,0.0,0.0,0.0,8.333333333333334,Positive
world cup access damn thatis a good look,1,world cup access damn that s a good look,0.5179584120982987,0.4820415879017013,0.0,0.0,0.9640831758034025,0.035916824196597474,0.03591682419659736,0.9640831758034026,0.0,5.0167226945982755,Neutral
just bought my tickets for the fifa world cup in south africa its going to be a great summer,1,just bought my tickets for the fifa world cup in south africa its going to be a great summer,1.0,0.0,0.0,0.0,0.0,1.0,0.0,0.0,0.0,8.333333333333334,Positive
i have to go to booz allen hamilton for a hour meeting but then i get to go home,0,i have to go to booz allen hamilton for a hr meeting but then i get to go home,0.0,0.0,0.0,0.0,0.0,0.0,0.0,0.0,0.0,5.000000000000001,Neutral
the great indian tamasha truly will unfold from may the result day for indian general election,1,the great indian tamasha truly will unfold from may the result day for indian general election,1.0,0.0,0.0,0.0,0.0,1.0,0.0,0.0,0.0,8.333333333333334,Positive
i have the kindle I have seen pictures of the Deluxe but haven t seen it in person i love my kindle i m on it everyday,1,i have the kindle i ve seen pictures of the dx but haven t seen it in person i love my kindle i m on it everyday,1.0,0.0,0.0,0.0,0.0,1.0,0.0,0.0,0.0,8.333333333333334,Positive
such an awesome idea the continual learning program with a kindle,1,such an awesome idea the continual learning program with a kindle,1.0,0.0,0.0,0.0,0.0,1.0,0.0,0.0,0.0,8.333333333333334,Positive
ooooh what model are you getting i have the Digital and love love love love it,1,ooooh what model are you getting i have the d and love love love love it,1.0,0.0,0.0,0.0,0.0,1.0,0.0,0.0,0.0,8.333333333333334,Positive
the times of india the wonder that is indiais election,1,the times of india the wonder that is india s election,0.0,0.0,0.0,0.0,0.0,0.0,0.0,0.0,0.0,5.000000000000001,Neutral
good video from google on using search options,1,good video from google on using search options,1.0,0.0,0.0,0.0,0.0,1.0,0.0,0.0,0.0,8.333333333333334,Positive
laughing out loud ah my skin is itchy damn cutting grass,0,lol ah my skin is itchy damn lawnmowing,0.3368055555555555,0.6631944444444444,0.0,0.32638888888888895,0.673611111111111,0.0,0.0,0.6736111111111112,0.32638888888888884,4.73362476404048,Neutral
itchy back do not ya hate it,0,itchy back dont ya hate it,0.5881188118811881,0.4118811881188118,0.0,0.0,0.8237623762376238,0.17623762376237617,0.1762376237623764,0.8237623762376236,0.0,5.083364301986433,Neutral
stanford charity fashion show a top draw,1,stanford charity fashion show a top draw,1.0,0.0,0.0,0.0,0.0,1.0,0.0,0.0,0.0,8.333333333333334,Positive
stanford universityis facebook profile is one of the most popular official university pages,1,stanford university s facebook profile is one of the most popular official university pages,1.0,0.0,0.0,0.0,0.0,1.0,0.0,0.0,0.0,8.333333333333334,Positive
lyx is cool,1,lyx is cool,1.0,0.0,0.0,0.0,0.0,1.0,0.0,0.0,0.0,8.333333333333334,Positive
so dissapointed they sent danny gokey home you still rock danny my hometown hero yeah milrockee,1,sooo dissapointed they sent danny gokey home you still rock danny my hometown hero yeah milrockee,1.0,0.0,0.0037834644317626,0.0,0.0,1.0,0.0,0.0,0.0,8.333333333333334,Positive
american idol fashion adam lambert tones down danny gokey cute,1,rt american idol fashion adam lambert tones down danny gokey cute,1.0,0.0,0.0002672672271728,0.0,0.0,1.0,0.0,0.0,0.0,8.333333333333334,Positive
i love you danny gokey,1,i love you danny gokey,1.0,0.0,0.0001356601715087,0.0,0.0,1.0,0.0,0.0,0.0,8.333333333333334,Positive
so tired i didn t sleep well at all last night,0,so tired i didn t sleep well at all last night,0.3967517401392111,0.6032482598607888,0.0001447200775146,0.2064965197215778,0.7935034802784222,0.0,0.0,0.7935034802784224,0.20649651972157756,4.8962918270280325,Neutral
boarding plane for san francisco in hour hour flight expression of disgust,0,boarding plane for san francisco in hour hr flight blech,0.0,1.0,0.0004403591156005,0.0,0.0,0.0,0.0,0.0,1.0,1.6666666666666665,Negative
bonjour san francisco my back hurts from last night,0,bonjour san francisco my back hurts from last night,0.0,1.0,0.0,0.0,0.0,0.0,0.0,0.0,1.0,1.6666666666666665,Negative
with my best girl for a few more hours in san francisco mmmmmfamily is wonderful,1,with my best girl for a few more hours in san francisco mmmmmfamily is wonderful,1.0,0.0,0.0,0.0,0.0,1.0,0.0,0.0,0.0,8.333333333333334,Positive
f up big or go home aig,0,f up big or go home aig,0.0,0.0,0.0,0.0,0.0,0.0,0.0,0.0,0.0,5.000000000000001,Neutral
went to see the star trek movie last night very satisfying,1,went to see the star trek movie last night very satisfying,1.0,0.0,0.0,0.0,0.0,1.0,0.0,0.0,0.0,8.333333333333334,Positive
i can t wait going to see star trek tonight,1,i can t wait going to see star trek tonight,0.0,0.0,0.0,0.0,0.0,0.0,0.0,0.0,0.0,5.000000000000001,Neutral
star trek was as good as everyone said,1,star trek was as good as everyone said,1.0,0.0,0.0,0.0,0.0,1.0,0.0,0.0,0.0,8.333333333333334,Positive
am loving new malcolm gladwell book outliers,1,am loving new malcolm gladwell book outliers,1.0,0.0,0.0,0.0,0.0,1.0,0.0,0.0,0.0,8.333333333333334,Positive
i highly recommend malcolm gladwellis the tipping point my next audiobook will probably be one of his as well,1,i highly recommend malcolm gladwell s the tipping point my next audiobook will probably be one of his as well,1.0,0.0,0.0,0.0,0.0,1.0,0.0,0.0,0.0,8.333333333333334,Positive
malcolm gladwell is a genius at tricking people into not realizing heis a hecking idiot,0,malcolm gladwell is a genius at tricking people into not realizing he s a fucking idiot,0.2491228070175438,0.7508771929824561,0.0,0.5017543859649124,0.4982456140350876,0.0,0.0,0.4982456140350877,0.5017543859649123,4.400054160753515,Neutral
hey no offense but malcolm gladwell is a pretenious annoying cunt and he brings you down can not read his shit,0,hey no offense but malcolm gladwell is a pretenious annoying cunt and he brings you down cant read his shit,0.2615694164989939,0.738430583501006,0.0,0.4768611670020122,0.5231388329979878,0.0,0.0,0.523138832997988,0.476861167002012,4.456276342804876,Neutral
great article by malcolm gladwell,1,rt great article by malcolm gladwell,1.0,0.0,0.0,0.0,0.0,1.0,0.0,0.0,0.0,8.333333333333334,Positive
i seriously underestimated malcolm gladwell i want to meet this guy,1,i seriously underestimated malcolm gladwell i want to meet this dude,0.2549019607843137,0.7450980392156863,0.0,0.4901960784313726,0.5098039215686274,0.0,0.0,0.5098039215686274,0.4901960784313726,4.426696841358045,Neutral
i hate internet provider right now everything is down cable internet & phone expression of frustration what am i to do,0,i hate comcast right now everything is down cable internet amp phone ughh what am i to do,0.0,1.0,0.0,0.0,0.0,0.0,0.0,0.0,1.0,1.6666666666666665,Negative
internet provider sucks,0,comcast sucks,0.0,1.0,0.0,0.0,0.0,0.0,0.0,0.0,1.0,1.6666666666666665,Negative
the day i never have to deal with internet provider again will rank as one of the best days of my life,0,the day i never have to deal with comcast again will rank as one of the best days of my life,1.0,0.0,0.0,0.0,0.0,1.0,0.0,0.0,0.0,8.333333333333334,Positive
did internet provider fail again,0,did comcast fail again,0.0,1.0,0.0,0.0,0.0,0.0,0.0,0.0,1.0,1.6666666666666665,Negative
curses the twitter api limit,0,curses the twitter api limit,0.0,0.0,0.0,0.0,0.0,0.0,0.0,0.0,0.0,5.000000000000001,Neutral
now i can see why dave winer screams about lack of twitter api its limitations and access throttles,0,now i can see why dave winer screams about lack of twitter api its limitations and access throttles,0.0,1.0,0.0,0.0,0.0,0.0,0.0,0.0,1.0,1.6666666666666665,Negative
expression of frustration twitter api is making me crazy,0,arg twitter api is making me crazy,0.0,1.0,0.0,0.0,0.0,0.0,0.0,0.0,1.0,1.6666666666666665,Negative
i m really loving the new search site wolfram alpha makes google seem so old-fashioned,1,i m really loving the new search site wolfram alpha makes google seem so quaint,1.0,0.0,0.0,0.0,0.0,1.0,0.0,0.0,0.0,8.333333333333334,Positive
wolfram alpha sucks even for researchers the information provided is less than you can get from google or wikipedia totally useless,0,wolfram alpha sucks even for researchers the information provided is less than you can get from google or wikipedia totally useless,0.0,1.0,0.0,0.0,0.0,0.0,0.0,0.0,1.0,1.6666666666666665,Negative
off to the nike factory,1,off to the nike factory,0.0,0.0,0.0,0.0,0.0,0.0,0.0,0.0,0.0,5.000000000000001,Neutral
new nike muppet commercials are pretty cute why do we live together again,1,new nike muppet commercials are pretty cute why do we live together again,1.0,0.0,0.0,0.0,0.0,1.0,0.0,0.0,0.0,8.333333333333334,Positive
oh those are awesome i so wish they weren t owned by nike,0,oh those are awesome i so wish they weren t owned by nike,1.0,0.0,0.0,0.0,0.0,1.0,0.0,0.0,0.0,8.333333333333334,Positive
awesome seeing the show friday at the shoreline amphitheatre never seen Nine Inch Nails before can t wait,1,awesome seeing the show friday at the shoreline amphitheatre never seen nin before can t wait,1.0,0.0,0.0,0.0,0.0,1.0,0.0,0.0,0.0,8.333333333333334,Positive
expression of frustration itis weka bug and i spent almost two hours to find that out crappy me,0,arhh it s weka bug and i spent almost two hours to find that out crappy me,0.0,1.0,0.0,0.0,0.0,0.0,0.0,0.0,1.0,1.6666666666666665,Negative
hey bud no problem i do so love my Digital although i Digital love a Digital mark two more,1,hey bud np i do so love my d although i d love a d mkii more,0.6473880597014925,0.3526119402985074,0.0,0.0,0.705223880597015,0.294776119402985,0.2947761194029852,0.7052238805970148,0.0,5.22191808168278,Neutral
just got us a Digital for the office Digital,1,just got us a d for the office d,0.0,0.0,0.0,0.0,0.0,0.0,0.0,0.0,0.0,5.000000000000001,Neutral
just picked up my new canon Digital itis beautiful prepare for some seriously awesome photography,1,just picked up my new canon d it s beautiful prepare for some seriously awesome photography,0.8255033557046979,0.174496644295302,0.0,0.0,0.3489932885906042,0.6510067114093958,0.651006711409396,0.348993288590604,0.0,6.05520966171924,Neutral
just got my new toy canon Digital love love love it,1,just got my new toy canon d love love love it,1.0,0.0,0.0,0.0,0.0,1.0,0.0,0.0,0.0,8.333333333333334,Positive
learning about lambda calculus,1,learning about lambda calculus,0.0,0.0,0.0,0.0,0.0,0.0,0.0,0.0,0.0,5.000000000000001,Neutral
i m moving to east palo alto,1,i m moving to east palo alto,0.0,0.0,0.0,0.0,0.0,0.0,0.0,0.0,0.0,5.000000000000001,Neutral
software developer i just finished watching your stanford iphone class session i really appreciate it you rock,1,atebits i just finished watching your stanford iphone class session i really appreciate it you rock,1.0,0.0,0.0,0.0,0.0,1.0,0.0,0.0,0.0,8.333333333333334,Positive
hi just saw your stanford talk and really liked your advice just saying hi from singapore yes the videos do get around,1,hi just saw your stanford talk and really liked your advice just saying hi from singapore yes the videos do get around,1.0,0.0,0.0,0.0,0.0,1.0,0.0,0.0,0.0,8.333333333333334,Positive
lakers tonight letis go,1,lakers tonight let s go,0.0,0.0,0.0,0.0,0.0,0.0,0.0,0.0,0.0,5.000000000000001,Neutral
will the lakers kick the nuggets ass tonight,1,will the lakers kick the nuggets ass tonight,0.0,1.0,0.0,0.0,0.0,0.0,0.0,0.0,1.0,1.6666666666666665,Negative
oh north korea is in troubleeeee,0,oooooooh north korea is in troubleeeee,0.0,0.0,0.0,0.0,0.0,0.0,0.0,0.0,0.0,5.000000000000001,Neutral
what the heck is north korea doing they just conducted powerful nuclear tests follow the link,0,wat the heck is north korea doing they just conducted powerful nuclear tests follow the link,1.0,0.0,0.0,0.0,0.0,1.0,0.0,0.0,0.0,8.333333333333334,Positive
listening to obama freaking north korea,0,listening to obama friggin north korea,0.0,1.0,0.0,0.0,0.0,0.0,0.0,0.0,1.0,1.6666666666666665,Negative
i just realized we three monkeys in the white obama biden pelosi sarah palin,0,i just realized we three monkeys in the white obama biden pelosi sarah palin,0.0,0.0,0.0,0.0,0.0,0.0,0.0,0.0,0.0,5.000000000000001,Neutral
pelosi should stay in china and never come back,0,pelosi should stay in china and never come back,0.0,0.0,0.0,0.0,0.0,0.0,0.0,0.0,0.0,5.000000000000001,Neutral
nancy pelosi gave the worst commencement speech I have ever heard yes i m still bitter about this,0,nancy pelosi gave the worst commencement speech i ve ever heard yes i m still bitter about this,0.2815315315315315,0.7184684684684685,0.0,0.436936936936937,0.563063063063063,0.0,0.0,0.5630630630630631,0.4369369369369369,4.543505913871934,Neutral
expression of frustration the amount of times these stupid insects have bitten me expression of frustration,0,ugh the amount of times these stupid insects have bitten me grr,0.0,1.0,0.0,0.0,0.0,0.0,0.0,0.0,1.0,1.6666666666666665,Negative
prettiest insects ever pink type of insect,1,prettiest insects ever pink katydids,1.0,0.0,0.0,0.0,0.0,1.0,0.0,0.0,0.0,8.333333333333334,Positive
just got overwhelmed by a horde of insects hungry for my kitchen light so scary,0,just got barraged by a horde of insects hungry for my kitchen light so scary,0.2247557003257329,0.7752442996742671,0.0,0.5504885993485342,0.4495114006514658,0.0,0.0,0.4495114006514658,0.5504885993485342,4.266245167911132,Neutral
just had mcdonalds for dinner Digital it was good big mac meal,1,just had mcdonalds for dinner d it was goooood big mac meal,1.0,0.0,0.0,0.0,0.0,1.0,0.0,0.0,0.0,8.333333333333334,Positive
ahh yes laughing out loud I am going to tell my husband to go get me some mcdonalds,1,ahh yes lol ima tell my hubby to go get me sum mcdonalds,1.0,0.0,0.0,0.0,0.0,1.0,0.0,0.0,0.0,8.333333333333334,Positive
stopped to have lunch at mcdonalds chicken nuggets yummmmmy,1,stopped to have lunch at mcdonalds chicken nuggetssss yummmmmy,0.0,1.0,0.0,0.0,0.0,0.0,0.0,0.0,1.0,1.6666666666666665,Negative
could go for a lot of mcdonalds i mean a lot,1,could go for a lot of mcdonalds i mean a lot,0.0,0.0,0.0,0.0,0.0,0.0,0.0,0.0,0.0,5.000000000000001,Neutral
my exam went good your prayers worked,1,my exam went good your prayers worked,1.0,0.0,0.0,0.0,0.0,1.0,0.0,0.0,0.0,8.333333333333334,Positive
only one exam left and i am so happy for it Digital,1,only one exam left and i am so happy for it d,1.0,0.0,0.0,0.0,0.0,1.0,0.0,0.0,0.0,8.333333333333334,Positive
math review i am going to fail the exam,0,math review im going to fail the exam,0.0,1.0,0.0,0.0,0.0,0.0,0.0,0.0,1.0,1.6666666666666665,Negative
colin powell rocked yesterday on cbs cheney needs to shut the hell up and go home powell is a man of honor and served our country proudly,0,colin powell rocked yesterday on cbs cheney needs to shut the hell up and go home powell is a man of honor and served our country proudly,0.5963855421686747,0.4036144578313253,0.0,0.0,0.8072289156626506,0.19277108433734935,0.19277108433734935,0.8072289156626506,0.0,5.091597938652242,Neutral
obviously not siding with cheney here,0,obviously not siding with cheney here,0.0,0.0,0.0,0.0,0.0,0.0,0.0,0.0,0.0,5.000000000000001,Neutral
absolutely hilarious from,1,absolutely hilarious from,1.0,0.0,0.0,0.0,0.0,1.0,0.0,0.0,0.0,8.333333333333334,Positive
i never did thank you for including me in your top twitter authors you rock & i new wave Digital,1,i never did thank you for including me in your top twitter authors you rock amp i new wave d,0.4589371980676328,0.5410628019323671,0.0,0.08212560386473444,0.9178743961352656,0.0,0.0,0.9178743961352658,0.08212560386473422,4.961730895159619,Neutral
awesome jquery reference book for coda webdesign,1,rt awesome jquery reference book for coda webdesign,1.0,0.0,0.0,0.0,0.0,1.0,0.0,0.0,0.0,8.333333333333334,Positive
I have been sending e mails like crazy today to my contacts does anyone have a contact at goodby silverstein i Digital love to speak to them,1,i ve been sending e mails like crazy today to my contacts does anyone have a contact at goodby silverstein i d love to speak to them,0.7371794871794872,0.2628205128205128,0.0,0.0,0.5256410256410255,0.47435897435897445,0.47435897435897445,0.5256410256410255,0.0,5.538202732054259,Neutral
goodby silversteinis new site i enjoy it,1,goodby silverstein s new site i enjoy it,1.0,0.0,0.0,0.0,0.0,1.0,0.0,0.0,0.0,8.333333333333334,Positive
wow everyone at the google i o conference got free gis with a month of unlimited service,1,wow everyone at the google i o conference got free g s with a month of unlimited service,1.0,0.0,0.0,0.0,0.0,1.0,0.0,0.0,0.0,8.333333333333334,Positive
dude i got a free google android phone at the i o conference the g,1,dood i got a free google android phone at the i o conference the g,1.0,0.0,0.0,0.0,0.0,1.0,0.0,0.0,0.0,8.333333333333334,Positive
the g is amazing by the way a huge improvement over the g,1,the g is amazing btw a huge improvement over the g,1.0,0.0,0.0,0.0,0.0,1.0,0.0,0.0,0.0,8.333333333333334,Positive
html demos lots of great stuff to come yes i m excited Input/Output googleio,1,html demos lots of great stuff to come yes i m excited io googleio,1.0,0.0,0.0,0.0,0.0,1.0,0.0,0.0,0.0,8.333333333333334,Positive
yay happy place place place i love google,1,yay happy place place place i love google,1.0,0.0,0.0,0.0,0.0,1.0,0.0,0.0,0.0,8.333333333333334,Positive
googleio o Digital bringing Digital graphics to the browser very nice to be honest lots of fun,1,googleio o d bringing d graphics to the browser very nice tbh funfun,1.0,0.0,0.0,0.0,0.0,1.0,0.0,0.0,0.0,8.333333333333334,Positive
awesome viral marketing for funny people,1,awesome viral marketing for funny people,1.0,0.0,0.0,0.0,0.0,1.0,0.0,0.0,0.0,8.333333333333334,Positive
saw night at the museum out of sheer desperation who is funding these movies,0,saw night at the museum out of sheer desperation who is funding these movies,0.0,1.0,0.0,0.0,0.0,0.0,0.0,0.0,1.0,1.6666666666666665,Negative
night at the museum pretty freaking good,1,night at the museum pretty furkin good,0.6855072463768116,0.3144927536231884,0.0,0.0,0.6289855072463768,0.3710144927536232,0.3710144927536232,0.6289855072463768,0.0,5.331977539414009,Neutral
watching night at the museum giggling,1,watching night at the museum giggling,1.0,0.0,0.0,0.0,0.0,1.0,0.0,0.0,0.0,8.333333333333334,Positive
back from seeing star trek and night at the museum star trek was amazing but night at the museum was expression of indifference,0,back from seeing star trek and night at the museum star trek was amazing but night at the museum was eh,0.6466666666666667,0.3533333333333333,0.0,0.0,0.7066666666666666,0.29333333333333345,0.29333333333333345,0.7066666666666666,0.0,5.219922380336353,Neutral
just watched night at the museum so stinking cute,1,just watched night at the museum so stinkin cute,0.4291187739463601,0.5708812260536398,0.0,0.14176245210727978,0.8582375478927202,0.0,0.0,0.8582375478927204,0.14176245210727956,4.933450191013577,Neutral
so night at the museum was awesome much better than part next weekend we will see up,1,so night at the museum was awesome much better than part next weekend we ll see up,1.0,0.0,0.0,0.0,0.0,1.0,0.0,0.0,0.0,8.333333333333334,Positive
saw the new night at the museum and i loved it next is to go see up in Digital,1,saw the new night at the museum and i loved it next is to go see up in d,1.0,0.0,0.0,0.0,0.0,1.0,0.0,0.0,0.0,8.333333333333334,Positive
it is a shame about General Motors what if they are forced to make only cars the white house thinks will sell what do you think,0,it is a shame about gm what if they are forced to make only cars the white house thinks will sell what do you think,0.0,1.0,0.0,0.0,0.0,0.0,0.0,0.0,1.0,1.6666666666666665,Negative
as you may have noticed not too happy about the General Motors situation nor aig lehman et al,0,as u may have noticed not too happy about the gm situation nor aig lehman et al,0.0,1.0,0.0,0.0,0.0,0.0,0.0,0.0,1.0,1.6666666666666665,Negative
General Motors good riddance sad though,0,gm good riddance sad though,0.4833333333333333,0.5166666666666667,0.0,0.03333333333333344,0.9666666666666666,0.0,0.0,0.9666666666666666,0.03333333333333344,4.98447893569845,Neutral
i will never buy a government motors vehicle until just recently i drove General Motors cars since when i bought a,0,i will never buy a government motors vehicle until just recently i drove gm cars since when i bought a,0.0,0.0,0.0,0.0,0.0,0.0,0.0,0.0,0.0,5.000000000000001,Neutral
having the old coca cola guy on the General Motors board is stupid has heck tcot American Library Association,0,having the old coca cola guy on the gm board is stupid has heck tcot ala,0.0,1.0,0.0,0.0,0.0,0.0,0.0,0.0,1.0,1.6666666666666665,Negative
rantsandraves the worst thing about General Motors concord pleasant hill martinez is the hecking United Auto Workers,0,rantsandraves the worst thing about gm concord pleasant hill martinez is the fucking uaw,0.5985748218527316,0.4014251781472684,0.0,0.0,0.8028503562945368,0.19714964370546317,0.19714964370546317,0.8028503562945368,0.0,5.0937997146521585,Neutral
give a man a fish you feed him for the day teach him to fish you feed him for life buy him General Motors and you mess him over for good,0,give a man a fish u feed him for the day teach him to fish u feed him for life buy him gm and u f k him over for good,0.5389221556886228,0.4610778443113772,0.0,0.0,0.9221556886227544,0.07784431137724557,0.07784431137724557,0.9221556886227544,0.0,5.036264799615326,Neutral
the more i hear about this General Motors thing the more angry i get billions wasted more bullshit all for something like k employees and all the,0,the more i hear about this gm thing the more angry i get billions wasted more bullshit all for something like k employees and all the,0.1870324189526184,0.8129675810473815,0.0,0.6259351620947632,0.3740648379052368,0.0,0.0,0.3740648379052369,0.6259351620947631,4.034194933046929,Neutral
i own a General Motors car and it is junk as far as quality compared to a honda,0,i own a gm car and it is junk as far as quality compared to a honda,0.0,0.0,0.0,0.0,0.0,0.0,0.0,0.0,0.0,5.000000000000001,Neutral
sad day bankrupt General Motors,0,sad day bankrupt gm,0.0,1.0,0.0,0.0,0.0,0.0,0.0,0.0,1.0,1.6666666666666665,Negative
is upset about the whole General Motors thing life as i know it is so screwed up,0,is upset about the whole gm thing life as i know it is so screwed up,0.0,1.0,0.0,0.0,0.0,0.0,0.0,0.0,1.0,1.6666666666666665,Negative
whoever is running time warner needs to be repeatedly raped by a rhino so they understand the consequences of putting out shitty cable svcs,0,whoever is running time warner needs to be repeatedly raped by a rhino so they understand the consequences of putting out shitty cable svcs,0.0,1.0,0.0,0.0,0.0,0.0,0.0,0.0,1.0,1.6666666666666665,Negative
waiting for the bus joining a bit late my connection was down boo time warner,0,wftb joining a bit late my connection was down boo time warner,0.0,0.0,0.0,0.0,0.0,0.0,0.0,0.0,0.0,5.000000000000001,Neutral
internet provider or time warner internet provider is cheaper and gets a b on DSL report website tw is more expensive and gets a c,0,cox or time warner cox is cheaper and gets a b on dslreports tw is more expensive and gets a c,0.0,0.0,0.0,0.0,0.0,0.0,0.0,0.0,0.0,5.000000000000001,Neutral
i am furious with time warner and their phone promotions,0,i am furious with time warner and their phone promotions,0.0,1.0,0.0,0.0,0.0,0.0,0.0,0.0,1.0,1.6666666666666665,Negative
just got home from chick fil a with the boys damn my internets down stupid time warner,0,just got home from chick fil a with the boys damn my internets down stupid time warner,0.0,1.0,0.0112898349761962,0.0,0.0,0.0,0.0,0.0,1.0,1.6666666666666665,Negative
could time warner cable suck more no,0,could time warner cable suck more no,0.0,1.0,0.0,0.0,0.0,0.0,0.0,0.0,1.0,1.6666666666666665,Negative
pissed at time warner for causin me to have slow internet problems,0,pissed at time warner for causin me to have slow internet problems,0.0,1.0,0.0,0.0,0.0,0.0,0.0,0.0,1.0,1.6666666666666665,Negative
ummm having some time warner problems,0,ummm having some time warner problems,0.0,1.0,0.0,0.0,0.0,0.0,0.0,0.0,1.0,1.6666666666666665,Negative
you guys see this why does time warner have to suck so much ass really wish i could get you verse at my apartment,0,you guys see this why does time warner have to suck so much ass really wish i could get u verse at my apartment,0.3098159509202454,0.6901840490797546,0.0,0.3803680981595092,0.6196319018404908,0.0,0.0,0.6196319018404908,0.3803680981595092,4.6537669278363,Neutral
the upside to time warner unhelpful phone operators superslow on site service crap thatis not an upside,0,rt the upside to time warner unhelpful phone operators superslow on site service crap that s not an upside,0.0,1.0,0.0,0.0,0.0,0.0,0.0,0.0,1.0,1.6666666666666665,Negative
new time warner slogan time warner where we make you long for the days before cable,0,rt new time warner slogan time warner where we make you long for the days before cable,0.0,0.0,0.0,0.0,0.0,0.0,0.0,0.0,0.0,5.000000000000001,Neutral
confirmed itis time warneris fault not facebookis that fb is taking about minutes to load so tempted to switch to verizon,0,confirmed it s time warner s fault not facebook s that fb is taking about minutes to load so tempted to switch to verizon,0.0,1.0,0.0,0.0,0.0,0.0,0.0,0.0,1.0,1.6666666666666665,Negative
time warner epic fail,0,time warner epic fail,0.0,1.0,0.0,0.0,0.0,0.0,0.0,0.0,1.0,1.6666666666666665,Negative
i know how sad is that  st day of hurricane season thatis less scarey than government taking over General Motors,0,i know how sad is that rt st day of hurricane season that s less scarey than govt taking over gm,0.0,1.0,0.0,0.0,0.0,0.0,0.0,0.0,1.0,1.6666666666666665,Negative
General Motors files bankruptcy not a good sign,0,gm files bankruptcy not a good sign,0.0,1.0,0.0,0.0,0.0,0.0,0.0,0.0,1.0,1.6666666666666665,Negative
yankees won mets lost its a good day,1,yankees won mets lost its a good day,0.7420289855072465,0.2579710144927536,0.0,0.0,0.515942028985507,0.484057971014493,0.48405797101449277,0.5159420289855072,0.0,5.559653389446161,Neutral
my dentist appt today was actually quite enjoyable,1,my dentist appt today was actually quite enjoyable,1.0,0.0,0.0,0.0,0.0,1.0,0.0,0.0,0.0,8.333333333333334,Positive
i hate the effing dentist,0,i hate the effing dentist,0.0,1.0,0.0,0.0,0.0,0.0,0.0,0.0,1.0,1.6666666666666665,Negative
i hate going to the dentist,0,i hate going to the dentist,0.0,1.0,0.0,0.0,0.0,0.0,0.0,0.0,1.0,1.6666666666666665,Negative
i hate the dentist who invented them anyways,0,i hate the dentist who invented them anyways,0.0,1.0,0.0,0.0,0.0,0.0,0.0,0.0,1.0,1.6666666666666665,Negative
this dentistis office is cold,0,this dentist s office is cold,0.0,0.0,0.0,0.0,0.0,0.0,0.0,0.0,0.0,5.000000000000001,Neutral
just applied at safeway yeeeee,1,just applied at safeway yeeeee,0.0,0.0,0.0,0.0,0.0,0.0,0.0,0.0,0.0,5.000000000000001,Neutral
safeway place is a nightmare right now bumming,0,safeway place is a nightmare right now bumming,0.0,0.0,0.0,0.0,0.0,0.0,0.0,0.0,0.0,5.000000000000001,Neutral
hate safeway select green tea icecream bought two cartons what a waste of money greater than _ less than,0,hate safeway select green tea icecream bought two cartons what a waste of money gt _ lt,0.2780612244897959,0.7219387755102041,0.0,0.44387755102040816,0.5561224489795918,0.0,0.0,0.5561224489795917,0.44387755102040827,4.528452402843815,Neutral
nike rocks i m super grateful for what I have done with them & the european division of nike is beyond,1,nike rocks i m super grateful for what i ve done with them amp the european division of nike is beyond,1.0,0.0,0.0,0.0,0.0,1.0,0.0,0.0,0.0,8.333333333333334,Positive
have you tried nike very addictive,1,have you tried nike v addictive,0.0,0.0,0.0,0.0,0.0,0.0,0.0,0.0,0.0,5.000000000000001,Neutral
the nike training club beta iphone app looks very interesting,1,the nike training club beta iphone app looks very interesting,1.0,0.0,0.0,0.0,0.0,1.0,0.0,0.0,0.0,8.333333333333334,Positive
argghhhh why will not my jquery appear in safari bad safari,0,argghhhh why won t my jquery appear in safari bad safari,0.0,1.0,0.0,0.0,0.0,0.0,0.0,0.0,1.0,1.6666666666666665,Negative
i m ready to drop the pretenses i am forever in love with jquery and i want to marry it sorry ladies this nerd is jquery taken js,1,i m ready to drop the pretenses i am forever in love with jquery and i want to marry it sorry ladies this nerd is jquery spokenfor js,0.5883720930232559,0.4116279069767442,0.0,0.0,0.8232558139534882,0.17674418604651176,0.17674418604651165,0.8232558139534883,0.0,5.083614778425955,Neutral
super investors a great weekend read here from warren buffet oldie but a goodie,1,super investors a great weekend read here from warren buffet oldie but a goodie,1.0,0.0,0.0,0.0,0.0,1.0,0.0,0.0,0.0,8.333333333333334,Positive
reading michael palin book the python years great book i also recommend warren buffet & nelson mandelais bio,1,reading michael palin book the python years great book i also recommend warren buffet amp nelson mandela s bio,1.0,0.0,0.0,0.0,0.0,1.0,0.0,0.0,0.0,8.333333333333334,Positive
i mean i m down with notre dame if i have to itis a good school i Digital be closer to dan i Digital enjoy it,1,i mean i m down with notre dame if i have to it s a good school i d be closer to dan i d enjoy it,1.0,0.0,0.0,0.0,0.0,1.0,0.0,0.0,0.0,8.333333333333334,Positive
i can t watch tv without a tivo and after all these years the time warner Digital Video Recorder still sucks,0,i can t watch tv without a tivo and after all these years the time warner dvr still sucks,0.0,1.0,0.0,0.0,0.0,0.0,0.0,0.0,1.0,1.6666666666666665,Negative
i Digital say some sports writers are idiots for saying roger federer is one of the best ever in tennis roger federer is the best ever in tennis,1,i d say some sports writers are idiots for saying roger federer is one of the best ever in tennis roger federer is the best ever in tennis,1.0,0.0,0.0,0.0,0.0,1.0,0.0,0.0,0.0,8.333333333333334,Positive
i still love my kindle but reading the new york times on it does not feel natural i miss the bloomingdale ads,0,i still love my kindle but reading the new york times on it does not feel natural i miss the bloomingdale ads,0.615916955017301,0.384083044982699,0.0,0.0,0.7681660899653979,0.23183391003460208,0.23183391003460196,0.768166089965398,0.0,5.136970533109627,Neutral
i love my kindle no more stacks of books to trip over on the way to the loo,1,i love my kindle no more stacks of books to trip over on the way to the loo,0.6555183946488294,0.3444816053511705,0.0,0.0,0.6889632107023411,0.3110367892976589,0.311036789297659,0.688963210702341,0.0,5.244603771413898,Neutral
although todayis keynote rocked for every great announcement at & t shit on us just a little bit more,0,although today s keynote rocked for every great announcement at amp t shit on us just a little bit more,0.5323943661971832,0.4676056338028169,0.0045933723449707,0.0,0.9352112676056337,0.06478873239436633,0.06478873239436622,0.9352112676056338,0.0,5.030165924459838,Neutral
its not so much my obsession with cell phones but the iphone i m a slave to at & t forever because of it,0,its not so much my obsession with cell phones but the iphone i m a slave to at amp t forever because of it,0.0,1.0,0.0,0.0,0.0,0.0,0.0,0.0,1.0,1.6666666666666665,Negative
fuzzball is more fun than at & t p,0,fuzzball is more fun than at amp t p,1.0,0.0,0.0,0.0,0.0,1.0,0.0,0.0,0.0,8.333333333333334,Positive
today is a good day to dislike at & t vote out of office indeed,0,today is a good day to dislike at amp t vote out of office indeed,0.5267605633802818,0.4732394366197183,0.0,0.0,0.9464788732394365,0.05352112676056353,0.05352112676056342,0.9464788732394366,0.0,5.024914548349607,Neutral
got my wave sandbox invite extra excited too bad i have class now but i ll play with it soon enough Input/Output wave,1,got my wave sandbox invite extra excited too bad i have class now but i ll play with it soon enough io wave,0.7303030303030303,0.2696969696969697,0.0,0.0,0.5393939393939393,0.4606060606060607,0.4606060606060606,0.5393939393939394,0.0,5.508002738639572,Neutral
looks like Twitter search service has gone down too many tweets from wwdc perhaps,0,looks like summize has gone down too many tweets from wwdc perhaps,1.0,0.0,0.0,0.0,0.0,1.0,0.0,0.0,0.0,8.333333333333334,Positive
thanks so much from one of your very happy kindle winners i was so surprised fabulous thank you best kathleen,1,thanks so much from one of your very happy kindle winners i was so surprised fabulous thank you best kathleen,1.0,0.0,0.0,0.0,0.0,1.0,0.0,0.0,0.0,8.333333333333334,Positive
man i kind of dislike apple right now case in point the iphone gs wish there was a video recorder app please,0,man i kinda dislike apple right now case in point the iphone gs wish there was a video recorder app please,0.6340694006309149,0.3659305993690852,0.0,0.0,0.7318611987381702,0.26813880126182976,0.26813880126182965,0.7318611987381703,0.0,5.185476989786628,Neutral
i have a kindle & sony prs like it physical device feels good font is nice page turns are snappy enough ui a little klunky,1,i have a kindle amp sony prs like it physical device feels good font is nice pg turns are snappy enuf ui a little klunky,1.0,0.0,0.0,0.0,0.0,1.0,0.0,0.0,0.0,8.333333333333334,Positive
the kindle seems the best ereader but will it work in the uk and where can i get one,1,the kindle seems the best ereader but will it work in the uk and where can i get one,1.0,0.0,0.0,0.0,0.0,1.0,0.0,0.0,0.0,8.333333333333334,Positive
i have a google addiction thank you for pointing that out hahaha,1,i have a google addiction thank you for pointing that out hahaha,1.0,0.0,0.0,0.0,0.0,1.0,0.0,0.0,0.0,8.333333333333334,Positive
dearest you rich bastards the visa card you sent me doesn t work why screw a little guy like me,0,dearest you rich bastards the visa card you sent me doesn t work why screw a little guy like me,0.6360225140712946,0.3639774859287054,0.0,0.0,0.7279549718574108,0.27204502814258924,0.27204502814258924,0.7279549718574108,0.0,5.190770373098506,Neutral
excited about seeing bobby flay and guy fieri tomorrow at the great american food & music fest,1,excited about seeing bobby flay and guy fieri tomorrow at the great american food amp music fest,1.0,0.0,0.0,0.0,0.0,1.0,0.0,0.0,0.0,8.333333333333334,Positive
going to go see bobby flay moro at shoreline eat and drink going to be good,1,gonna go see bobby flay moro at shoreline eat and drink gonna be good,1.0,0.0,0.0,0.0,0.0,1.0,0.0,0.0,0.0,8.333333333333334,Positive
can t wait for the great american food and music festival at shoreline tomorrow mmm katz pastrami and bobby flay yes please,1,can t wait for the great american food and music festival at shoreline tomorrow mmm katz pastrami and bobby flay yes please,1.0,0.0,0.0,0.0,0.0,1.0,0.0,0.0,0.0,8.333333333333334,Positive
my dad was in ny for a day we ate at mesa grill last night and met bobby flay so much fun except i completely lost my voice today,1,my dad was in ny for a day we ate at mesa grill last night and met bobby flay so much fun except i completely lost my voice today,0.5808080808080808,0.4191919191919191,0.0,0.0,0.8383838383838385,0.16161616161616155,0.16161616161616177,0.8383838383838382,0.0,5.0761794834800185,Neutral
fighting with latex again,0,fighting with latex again,0.0,1.0,0.0,0.0,0.0,0.0,0.0,0.0,1.0,1.6666666666666665,Negative
we love you too and don t want you to die latex the devil,0,we love you too and don t want you to die latex the devil,0.3983471074380165,0.6016528925619835,0.0,0.20330578512396702,0.796694214876033,0.0,0.0,0.796694214876033,0.20330578512396702,4.900454432001831,Neutral
hours hours of inkscape crashing normally solid as a rock hours of latex complaining at the slightest thing i can t take any more,0,hours hours of inkscape crashing normally solid as a rock hours of latex complaining at the slightest thing i can t take any more,0.4701986754966887,0.5298013245033113,0.0,0.0596026490066226,0.9403973509933774,0.0,0.0,0.9403973509933774,0.0596026490066226,4.972252241215617,Neutral
shitis hitting the fan in iran craziness indeed iranelection,0,shit s hitting the fan in iran craziness indeed iranelection,0.4695863746958637,0.5304136253041362,0.0,0.060827250608272654,0.9391727493917273,0.0,0.0,0.9391727493917277,0.06082725060827232,4.971681426382045,Neutral
monday already iran may implode kitchen is a disaster seems happy had a nice weekend and is great whoop,0,monday already iran may implode kitchen is a disaster seems happy had a nice weekend and is great whoop,0.7212806026365348,0.2787193973634651,0.0,0.0,0.5574387947269304,0.44256120527306964,0.44256120527306975,0.5574387947269303,0.0,5.4686897309562035,Neutral
getting ready to test out some burger recipes this weekend bobby flay has some great recipes to try thanks bobby,1,getting ready to test out some burger receipes this weekend bobby flay has some great receipes to try thanks bobby,1.0,0.0,0.0035629272460937,0.0,0.0,1.0,0.0,0.0,0.0,8.333333333333334,Positive
i I am so in love with bobby flay he is my favorite  you need a place in phoenix we have great peppers here,1,i lam so in love with bobby flay he is my favorite rt you need a place in phoenix we have great peppers here,1.0,0.0,0.0,0.0,0.0,1.0,0.0,0.0,0.0,8.333333333333334,Positive
i just created my first latex file from scratch that didn t work out very well see itis a great time waster,0,i just created my first latex file from scratch that didn t work out very well see it s a great time waster,1.0,0.0,0.0,0.0,0.0,1.0,0.0,0.0,0.0,8.333333333333334,Positive
using linux and loving it so much nicer than windows looking forward to using the what you see is what you get latex editor,1,using linux and loving it so much nicer than windows looking forward to using the wysiwyg latex editor,1.0,0.0,0.0,0.0,0.0,1.0,0.0,0.0,0.0,8.333333333333334,Positive
after using latex a lot any other typeset mathematics just looks hideous,1,after using latex a lot any other typeset mathematics just looks hideous,0.0,0.0,0.0,0.0,0.0,0.0,0.0,0.0,0.0,5.000000000000001,Neutral
on that note i hate word i hate pages i hate latex there i said it i hate latex all you texting relational database system can come kill me now,0,on that note i hate word i hate pages i hate latex there i said it i hate latex all you texn rds can come kill me now,0.0,1.0,0.0,0.0,0.0,0.0,0.0,0.0,1.0,1.6666666666666665,Negative
ahhh back in a real text editing environment i less than latex,1,ahhh back in a real text editing environment i lt latex,0.0,0.0,0.0,0.0,0.0,0.0,0.0,0.0,0.0,5.000000000000001,Neutral
trouble in iran i see hmm iran iran so far away refers to the song 'Iran' by A Flock of Seagulls,0,trouble in iran i see hmm iran iran so far away flockofseagullsweregeopoliticallycorrect,0.0,1.0,0.0,0.0,0.0,0.0,0.0,0.0,1.0,1.6666666666666665,Negative
reading the tweets coming out of iran the whole thing is terrifying and incredibly sad,0,reading the tweets coming out of iran the whole thing is terrifying and incredibly sad,0.0,1.0,0.0,0.0,0.0,0.0,0.0,0.0,1.0,1.6666666666666665,Negative
